date,temperature_2m_mean
2020-08-10 00:00:00+00:00,
2020-08-11 00:00:00+00:00,
2020-08-12 00:00:00+00:00,
2020-08-13 00:00:00+00:00,
2020-08-14 00:00:00+00:00,
2020-08-15 00:00:00+00:00,
2020-08-16 00:00:00+00:00,
2020-08-17 00:00:00+00:00,
2020-08-18 00:00:00+00:00,
2020-08-19 00:00:00+00:00,
2020-08-20 00:00:00+00:00,
2020-08-21 00:00:00+00:00,
2020-08-22 00:00:00+00:00,
2020-08-23 00:00:00+00:00,
2020-08-24 00:00:00+00:00,
2020-08-25 00:00:00+00:00,
2020-08-26 00:00:00+00:00,
2020-08-27 00:00:00+00:00,
2020-08-28 00:00:00+00:00,
2020-08-29 00:00:00+00:00,
2020-08-30 00:00:00+00:00,
2020-08-31 00:00:00+00:00,
2020-09-01 00:00:00+00:00,
2020-09-02 00:00:00+00:00,
2020-09-03 00:00:00+00:00,
2020-09-04 00:00:00+00:00,
2020-09-05 00:00:00+00:00,
2020-09-06 00:00:00+00:00,
2020-09-07 00:00:00+00:00,
2020-09-08 00:00:00+00:00,
2020-09-09 00:00:00+00:00,
2020-09-10 00:00:00+00:00,
2020-09-11 00:00:00+00:00,
2020-09-12 00:00:00+00:00,
2020-09-13 00:00:00+00:00,
2020-09-14 00:00:00+00:00,
2020-09-15 00:00:00+00:00,
2020-09-16 00:00:00+00:00,
2020-09-17 00:00:00+00:00,
2020-09-18 00:00:00+00:00,
2020-09-19 00:00:00+00:00,
2020-09-20 00:00:00+00:00,
2020-09-21 00:00:00+00:00,
2020-09-22 00:00:00+00:00,
2020-09-23 00:00:00+00:00,
2020-09-24 00:00:00+00:00,
2020-09-25 00:00:00+00:00,
2020-09-26 00:00:00+00:00,
2020-09-27 00:00:00+00:00,
2020-09-28 00:00:00+00:00,
2020-09-29 00:00:00+00:00,
2020-09-30 00:00:00+00:00,
2020-10-01 00:00:00+00:00,
2020-10-02 00:00:00+00:00,
2020-10-03 00:00:00+00:00,
2020-10-04 00:00:00+00:00,
2020-10-05 00:00:00+00:00,
2020-10-06 00:00:00+00:00,
2020-10-07 00:00:00+00:00,
2020-10-08 00:00:00+00:00,
2020-10-09 00:00:00+00:00,
2020-10-10 00:00:00+00:00,
2020-10-11 00:00:00+00:00,
2020-10-12 00:00:00+00:00,
2020-10-13 00:00:00+00:00,
2020-10-14 00:00:00+00:00,
2020-10-15 00:00:00+00:00,
2020-10-16 00:00:00+00:00,
2020-10-17 00:00:00+00:00,
2020-10-18 00:00:00+00:00,
2020-10-19 00:00:00+00:00,
2020-10-20 00:00:00+00:00,
2020-10-21 00:00:00+00:00,
2020-10-22 00:00:00+00:00,
2020-10-23 00:00:00+00:00,
2020-10-24 00:00:00+00:00,
2020-10-25 00:00:00+00:00,
2020-10-26 00:00:00+00:00,
2020-10-27 00:00:00+00:00,
2020-10-28 00:00:00+00:00,
2020-10-29 00:00:00+00:00,
2020-10-30 00:00:00+00:00,
2020-10-31 00:00:00+00:00,
2020-11-01 00:00:00+00:00,
2020-11-02 00:00:00+00:00,
2020-11-03 00:00:00+00:00,
2020-11-04 00:00:00+00:00,
2020-11-05 00:00:00+00:00,
2020-11-06 00:00:00+00:00,
2020-11-07 00:00:00+00:00,
2020-11-08 00:00:00+00:00,
2020-11-09 00:00:00+00:00,
2020-11-10 00:00:00+00:00,
2020-11-11 00:00:00+00:00,
2020-11-12 00:00:00+00:00,
2020-11-13 00:00:00+00:00,
2020-11-14 00:00:00+00:00,
2020-11-15 00:00:00+00:00,
2020-11-16 00:00:00+00:00,
2020-11-17 00:00:00+00:00,
2020-11-18 00:00:00+00:00,
2020-11-19 00:00:00+00:00,
2020-11-20 00:00:00+00:00,
2020-11-21 00:00:00+00:00,
2020-11-22 00:00:00+00:00,
2020-11-23 00:00:00+00:00,
2020-11-24 00:00:00+00:00,
2020-11-25 00:00:00+00:00,
2020-11-26 00:00:00+00:00,
2020-11-27 00:00:00+00:00,
2020-11-28 00:00:00+00:00,
2020-11-29 00:00:00+00:00,
2020-11-30 00:00:00+00:00,
2020-12-01 00:00:00+00:00,
2020-12-02 00:00:00+00:00,
2020-12-03 00:00:00+00:00,
2020-12-04 00:00:00+00:00,
2020-12-05 00:00:00+00:00,
2020-12-06 00:00:00+00:00,
2020-12-07 00:00:00+00:00,
2020-12-08 00:00:00+00:00,
2020-12-09 00:00:00+00:00,
2020-12-10 00:00:00+00:00,
2020-12-11 00:00:00+00:00,
2020-12-12 00:00:00+00:00,
2020-12-13 00:00:00+00:00,
2020-12-14 00:00:00+00:00,
2020-12-15 00:00:00+00:00,
2020-12-16 00:00:00+00:00,
2020-12-17 00:00:00+00:00,
2020-12-18 00:00:00+00:00,
2020-12-19 00:00:00+00:00,
2020-12-20 00:00:00+00:00,
2020-12-21 00:00:00+00:00,
2020-12-22 00:00:00+00:00,
2020-12-23 00:00:00+00:00,
2020-12-24 00:00:00+00:00,
2020-12-25 00:00:00+00:00,
2020-12-26 00:00:00+00:00,
2020-12-27 00:00:00+00:00,
2020-12-28 00:00:00+00:00,
2020-12-29 00:00:00+00:00,
2020-12-30 00:00:00+00:00,
2020-12-31 00:00:00+00:00,
2021-01-01 00:00:00+00:00,
2021-01-02 00:00:00+00:00,
2021-01-03 00:00:00+00:00,
2021-01-04 00:00:00+00:00,
2021-01-05 00:00:00+00:00,
2021-01-06 00:00:00+00:00,
2021-01-07 00:00:00+00:00,
2021-01-08 00:00:00+00:00,
2021-01-09 00:00:00+00:00,
2021-01-10 00:00:00+00:00,
2021-01-11 00:00:00+00:00,
2021-01-12 00:00:00+00:00,
2021-01-13 00:00:00+00:00,
2021-01-14 00:00:00+00:00,
2021-01-15 00:00:00+00:00,
2021-01-16 00:00:00+00:00,
2021-01-17 00:00:00+00:00,
2021-01-18 00:00:00+00:00,
2021-01-19 00:00:00+00:00,
2021-01-20 00:00:00+00:00,
2021-01-21 00:00:00+00:00,
2021-01-22 00:00:00+00:00,
2021-01-23 00:00:00+00:00,
2021-01-24 00:00:00+00:00,
2021-01-25 00:00:00+00:00,
2021-01-26 00:00:00+00:00,
2021-01-27 00:00:00+00:00,
2021-01-28 00:00:00+00:00,
2021-01-29 00:00:00+00:00,
2021-01-30 00:00:00+00:00,
2021-01-31 00:00:00+00:00,
2021-02-01 00:00:00+00:00,
2021-02-02 00:00:00+00:00,
2021-02-03 00:00:00+00:00,
2021-02-04 00:00:00+00:00,
2021-02-05 00:00:00+00:00,
2021-02-06 00:00:00+00:00,
2021-02-07 00:00:00+00:00,
2021-02-08 00:00:00+00:00,
2021-02-09 00:00:00+00:00,
2021-02-10 00:00:00+00:00,
2021-02-11 00:00:00+00:00,
2021-02-12 00:00:00+00:00,
2021-02-13 00:00:00+00:00,
2021-02-14 00:00:00+00:00,
2021-02-15 00:00:00+00:00,
2021-02-16 00:00:00+00:00,
2021-02-17 00:00:00+00:00,
2021-02-18 00:00:00+00:00,
2021-02-19 00:00:00+00:00,
2021-02-20 00:00:00+00:00,
2021-02-21 00:00:00+00:00,
2021-02-22 00:00:00+00:00,
2021-02-23 00:00:00+00:00,
2021-02-24 00:00:00+00:00,
2021-02-25 00:00:00+00:00,
2021-02-26 00:00:00+00:00,
2021-02-27 00:00:00+00:00,
2021-02-28 00:00:00+00:00,
2021-03-01 00:00:00+00:00,
2021-03-02 00:00:00+00:00,
2021-03-03 00:00:00+00:00,
2021-03-04 00:00:00+00:00,
2021-03-05 00:00:00+00:00,
2021-03-06 00:00:00+00:00,
2021-03-07 00:00:00+00:00,
2021-03-08 00:00:00+00:00,
2021-03-09 00:00:00+00:00,
2021-03-10 00:00:00+00:00,
2021-03-11 00:00:00+00:00,
2021-03-12 00:00:00+00:00,
2021-03-13 00:00:00+00:00,
2021-03-14 00:00:00+00:00,
2021-03-15 00:00:00+00:00,
2021-03-16 00:00:00+00:00,
2021-03-17 00:00:00+00:00,
2021-03-18 00:00:00+00:00,
2021-03-19 00:00:00+00:00,
2021-03-20 00:00:00+00:00,
2021-03-21 00:00:00+00:00,
2021-03-22 00:00:00+00:00,
2021-03-23 00:00:00+00:00,6.9097505
2021-03-24 00:00:00+00:00,7.820167
2021-03-25 00:00:00+00:00,8.42225
2021-03-26 00:00:00+00:00,9.863917
2021-03-27 00:00:00+00:00,5.895168
2021-03-28 00:00:00+00:00,8.713918
2021-03-29 00:00:00+00:00,11.776417
2021-03-30 00:00:00+00:00,13.088916
2021-03-31 00:00:00+00:00,15.078499
2021-04-01 00:00:00+00:00,8.724334
2021-04-02 00:00:00+00:00,5.8180833
2021-04-03 00:00:00+00:00,6.249334
2021-04-04 00:00:00+00:00,6.755583
2021-04-05 00:00:00+00:00,4.111834
2021-04-06 00:00:00+00:00,2.5909998
2021-04-07 00:00:00+00:00,3.4430835
2021-04-08 00:00:00+00:00,5.7035003
2021-04-09 00:00:00+00:00,7.211834
2021-04-10 00:00:00+00:00,4.3784995
2021-04-11 00:00:00+00:00,3.9993334
2021-04-12 00:00:00+00:00,3.849334
2021-04-13 00:00:00+00:00,4.8118334
2021-04-14 00:00:00+00:00,4.4326663
2021-04-15 00:00:00+00:00,5.1618342
2021-04-16 00:00:00+00:00,6.0493336
2021-04-17 00:00:00+00:00,6.436833
2021-04-18 00:00:00+00:00,8.840999
2021-04-19 00:00:00+00:00,9.657666
2021-04-20 00:00:00+00:00,10.849334
2021-04-21 00:00:00+00:00,7.8493333
2021-04-22 00:00:00+00:00,6.095167
2021-04-23 00:00:00+00:00,7.1076665
2021-04-24 00:00:00+00:00,7.057667
2021-04-25 00:00:00+00:00,6.1910005
2021-04-26 00:00:00+00:00,6.561834
2021-04-27 00:00:00+00:00,8.876417
2021-04-28 00:00:00+00:00,9.553499
2021-04-29 00:00:00+00:00,6.886833
2021-04-30 00:00:00+00:00,7.5660014
2021-05-01 00:00:00+00:00,7.1035004
2021-05-02 00:00:00+00:00,6.353501
2021-05-03 00:00:00+00:00,9.0035
2021-05-04 00:00:00+00:00,7.7868333
2021-05-05 00:00:00+00:00,7.0368342
2021-05-06 00:00:00+00:00,6.574333
2021-05-07 00:00:00+00:00,6.9284997
2021-05-08 00:00:00+00:00,8.632668
2021-05-09 00:00:00+00:00,16.3035
2021-05-10 00:00:00+00:00,14.195167
2021-05-11 00:00:00+00:00,12.920167
2021-05-12 00:00:00+00:00,11.761834
2021-05-13 00:00:00+00:00,11.645167
2021-05-14 00:00:00+00:00,9.811834
2021-05-15 00:00:00+00:00,8.936834
2021-05-16 00:00:00+00:00,10.7285
2021-05-17 00:00:00+00:00,10.141002
2021-05-18 00:00:00+00:00,10.170167
2021-05-19 00:00:00+00:00,10.441
2021-05-20 00:00:00+00:00,11.607669
2021-05-21 00:00:00+00:00,11.649333
2021-05-22 00:00:00+00:00,10.224334
2021-05-23 00:00:00+00:00,10.782666
2021-05-24 00:00:00+00:00,10.316001
2021-05-25 00:00:00+00:00,9.526418
2021-05-26 00:00:00+00:00,10.049334
2021-05-27 00:00:00+00:00,10.836835
2021-05-28 00:00:00+00:00,12.286831
2021-05-29 00:00:00+00:00,11.874332
2021-05-30 00:00:00+00:00,13.445165
2021-05-31 00:00:00+00:00,15.420165
2021-06-01 00:00:00+00:00,17.899332
2021-06-02 00:00:00+00:00,19.328497
2021-06-03 00:00:00+00:00,19.636831
2021-06-04 00:00:00+00:00,18.649334
2021-06-05 00:00:00+00:00,14.607667
2021-06-06 00:00:00+00:00,15.536835
2021-06-07 00:00:00+00:00,15.903499
2021-06-08 00:00:00+00:00,17.732666
2021-06-09 00:00:00+00:00,18.424332
2021-06-10 00:00:00+00:00,18.478498
2021-06-11 00:00:00+00:00,18.657667
2021-06-12 00:00:00+00:00,15.574333
2021-06-13 00:00:00+00:00,15.841001
2021-06-14 00:00:00+00:00,18.995167
2021-06-15 00:00:00+00:00,16.841
2021-06-16 00:00:00+00:00,21.311832
2021-06-17 00:00:00+00:00,22.065996
2021-06-18 00:00:00+00:00,20.199331
2021-06-19 00:00:00+00:00,17.240997
2021-06-20 00:00:00+00:00,16.391
2021-06-21 00:00:00+00:00,12.849336
2021-06-22 00:00:00+00:00,14.074336
2021-06-23 00:00:00+00:00,13.695168
2021-06-24 00:00:00+00:00,14.707665
2021-06-25 00:00:00+00:00,15.586833
2021-06-26 00:00:00+00:00,17.582663
2021-06-27 00:00:00+00:00,19.103498
2021-06-28 00:00:00+00:00,18.557665
2021-06-29 00:00:00+00:00,16.165997
2021-06-30 00:00:00+00:00,13.686835
2021-07-01 00:00:00+00:00,14.8035
2021-07-02 00:00:00+00:00,17.170166
2021-07-03 00:00:00+00:00,17.641
2021-07-04 00:00:00+00:00,16.915998
2021-07-05 00:00:00+00:00,16.141
2021-07-06 00:00:00+00:00,17.578499
2021-07-07 00:00:00+00:00,16.8035
2021-07-08 00:00:00+00:00,17.624332
2021-07-09 00:00:00+00:00,17.686832
2021-07-10 00:00:00+00:00,17.503496
2021-07-11 00:00:00+00:00,17.715996
2021-07-12 00:00:00+00:00,18.445164
2021-07-13 00:00:00+00:00,18.478498
2021-07-14 00:00:00+00:00,19.003496
2021-07-15 00:00:00+00:00,18.345167
2021-07-16 00:00:00+00:00,17.411833
2021-07-17 00:00:00+00:00,18.961832
2021-07-18 00:00:00+00:00,19.611834
2021-07-19 00:00:00+00:00,17.903498
2021-07-20 00:00:00+00:00,17.307667
2021-07-21 00:00:00+00:00,19.020166
2021-07-22 00:00:00+00:00,17.311834
2021-07-23 00:00:00+00:00,17.386831
2021-07-24 00:00:00+00:00,19.140999
2021-07-25 00:00:00+00:00,19.490997
2021-07-26 00:00:00+00:00,18.140999
2021-07-27 00:00:00+00:00,17.886831
2021-07-28 00:00:00+00:00,17.036833
2021-07-29 00:00:00+00:00,16.945166
2021-07-30 00:00:00+00:00,16.495165
2021-07-31 00:00:00+00:00,15.999333
2021-08-01 00:00:00+00:00,15.507665
2021-08-02 00:00:00+00:00,14.857665
2021-08-03 00:00:00+00:00,15.2284975
2021-08-04 00:00:00+00:00,16.586832
2021-08-05 00:00:00+00:00,17.916
2021-08-06 00:00:00+00:00,17.41183
2021-08-07 00:00:00+00:00,16.907663
2021-08-08 00:00:00+00:00,16.761833
2021-08-09 00:00:00+00:00,16.307665
2021-08-10 00:00:00+00:00,17.120167
2021-08-11 00:00:00+00:00,18.282665
2021-08-12 00:00:00+00:00,18.765999
2021-08-13 00:00:00+00:00,18.211832
2021-08-14 00:00:00+00:00,18.182663
2021-08-15 00:00:00+00:00,19.432665
2021-08-16 00:00:00+00:00,15.990998
2021-08-17 00:00:00+00:00,14.978501
2021-08-18 00:00:00+00:00,16.978498
2021-08-19 00:00:00+00:00,16.353498
2021-08-20 00:00:00+00:00,18.111832
2021-08-21 00:00:00+00:00,18.809748
2021-08-22 00:00:00+00:00,17.732664
2021-08-23 00:00:00+00:00,17.957664
2021-08-24 00:00:00+00:00,17.007666
2021-08-25 00:00:00+00:00,16.3785
2021-08-26 00:00:00+00:00,15.040999
2021-08-27 00:00:00+00:00,15.211833
2021-08-28 00:00:00+00:00,15.878499
2021-08-29 00:00:00+00:00,14.749332
2021-08-30 00:00:00+00:00,16.465998
2021-08-31 00:00:00+00:00,14.741
2021-09-01 00:00:00+00:00,15.520165
2021-09-02 00:00:00+00:00,16.074331
2021-09-03 00:00:00+00:00,15.307666
2021-09-04 00:00:00+00:00,14.974332
2021-09-05 00:00:00+00:00,16.270163
2021-09-06 00:00:00+00:00,17.949331
2021-09-07 00:00:00+00:00,20.245165
2021-09-08 00:00:00+00:00,20.811832
2021-09-09 00:00:00+00:00,20.657663
2021-09-10 00:00:00+00:00,18.978498
2021-09-11 00:00:00+00:00,17.136831
2021-09-12 00:00:00+00:00,15.982667
2021-09-13 00:00:00+00:00,15.141
2021-09-14 00:00:00+00:00,17.203499
2021-09-15 00:00:00+00:00,15.816001
2021-09-16 00:00:00+00:00,15.349332
2021-09-17 00:00:00+00:00,15.9785
2021-09-18 00:00:00+00:00,16.311834
2021-09-19 00:00:00+00:00,15.841001
2021-09-20 00:00:00+00:00,13.561833
2021-09-21 00:00:00+00:00,13.632667
2021-09-22 00:00:00+00:00,15.205582
2021-09-23 00:00:00+00:00,15.245167
2021-09-24 00:00:00+00:00,16.632666
2021-09-25 00:00:00+00:00,17.640997
2021-09-26 00:00:00+00:00,18.286833
2021-09-27 00:00:00+00:00,15.228499
2021-09-28 00:00:00+00:00,14.045167
2021-09-29 00:00:00+00:00,11.499333
2021-09-30 00:00:00+00:00,12.503501
2021-10-01 00:00:00+00:00,13.116
2021-10-02 00:00:00+00:00,12.966
2021-10-03 00:00:00+00:00,12.578498
2021-10-04 00:00:00+00:00,13.3618355
2021-10-05 00:00:00+00:00,12.853501
2021-10-06 00:00:00+00:00,12.443085
2021-10-07 00:00:00+00:00,12.984749
2021-10-08 00:00:00+00:00,12.038917
2021-10-09 00:00:00+00:00,11.780581
2021-10-10 00:00:00+00:00,12.1785
2021-10-11 00:00:00+00:00,12.184751
2021-10-12 00:00:00+00:00,11.493084
2021-10-13 00:00:00+00:00,12.057668
2021-10-14 00:00:00+00:00,13.918084
2021-10-15 00:00:00+00:00,12.088916
2021-10-16 00:00:00+00:00,11.172252
2021-10-17 00:00:00+00:00,11.499333
2021-10-18 00:00:00+00:00,11.999333
2021-10-19 00:00:00+00:00,16.068083
2021-10-20 00:00:00+00:00,15.932666
2021-10-21 00:00:00+00:00,10.245166
2021-10-22 00:00:00+00:00,9.699333
2021-10-23 00:00:00+00:00,9.386833
2021-10-24 00:00:00+00:00,8.818083
2021-10-25 00:00:00+00:00,10.536834
2021-10-26 00:00:00+00:00,12.255582
2021-10-27 00:00:00+00:00,14.080585
2021-10-28 00:00:00+00:00,12.174335
2021-10-29 00:00:00+00:00,13.272252
2021-10-30 00:00:00+00:00,11.774333
2021-10-31 00:00:00+00:00,11.295167
2021-11-01 00:00:00+00:00,10.024334
2021-11-02 00:00:00+00:00,7.3430843
2021-11-03 00:00:00+00:00,7.338917
2021-11-04 00:00:00+00:00,8.145166
2021-11-05 00:00:00+00:00,9.130584
2021-11-06 00:00:00+00:00,11.245168
2021-11-07 00:00:00+00:00,10.345167
2021-11-08 00:00:00+00:00,9.674334
2021-11-09 00:00:00+00:00,8.622251
2021-11-10 00:00:00+00:00,10.103501
2021-11-11 00:00:00+00:00,10.478499
2021-11-12 00:00:00+00:00,8.60975
2021-11-13 00:00:00+00:00,10.716001
2021-11-14 00:00:00+00:00,9.630584
2021-11-15 00:00:00+00:00,6.6993337
2021-11-16 00:00:00+00:00,6.22225
2021-11-17 00:00:00+00:00,9.22225
2021-11-18 00:00:00+00:00,10.876416
2021-11-19 00:00:00+00:00,11.436833
2021-11-20 00:00:00+00:00,10.426415
2021-11-21 00:00:00+00:00,9.130584
2021-11-22 00:00:00+00:00,7.166
2021-11-23 00:00:00+00:00,8.566001
2021-11-24 00:00:00+00:00,6.745167
2021-11-25 00:00:00+00:00,7.011833
2021-11-26 00:00:00+00:00,5.368084
2021-11-27 00:00:00+00:00,3.5472505
2021-11-28 00:00:00+00:00,3.9222498
2021-11-29 00:00:00+00:00,5.3222504
2021-11-30 00:00:00+00:00,9.059751
2021-12-01 00:00:00+00:00,8.807668
2021-12-02 00:00:00+00:00,4.332667
2021-12-03 00:00:00+00:00,3.918083
2021-12-04 00:00:00+00:00,5.566
2021-12-05 00:00:00+00:00,4.6264167
2021-12-06 00:00:00+00:00,3.5972502
2021-12-07 00:00:00+00:00,4.988916
2021-12-08 00:00:00+00:00,5.4576664
2021-12-09 00:00:00+00:00,3.9160001
2021-12-10 00:00:00+00:00,3.0535002
2021-12-11 00:00:00+00:00,4.9326673
2021-12-12 00:00:00+00:00,8.730584
2021-12-13 00:00:00+00:00,9.651417
2021-12-14 00:00:00+00:00,9.186833
2021-12-15 00:00:00+00:00,10.116
2021-12-16 00:00:00+00:00,8.155584
2021-12-17 00:00:00+00:00,7.632666
2021-12-18 00:00:00+00:00,8.313916
2021-12-19 00:00:00+00:00,7.966
2021-12-20 00:00:00+00:00,5.570167
2021-12-21 00:00:00+00:00,1.0618333
2021-12-22 00:00:00+00:00,0.3535
2021-12-23 00:00:00+00:00,3.866
2021-12-24 00:00:00+00:00,7.757667
2021-12-25 00:00:00+00:00,-0.67983335
2021-12-26 00:00:00+00:00,-0.61733323
2021-12-27 00:00:00+00:00,4.9389167
2021-12-28 00:00:00+00:00,8.386834
2021-12-29 00:00:00+00:00,9.307668
2021-12-30 00:00:00+00:00,11.934751
2021-12-31 00:00:00+00:00,11.888917
2022-01-01 00:00:00+00:00,11.565999
2022-01-02 00:00:00+00:00,11.420167
2022-01-03 00:00:00+00:00,9.488916
2022-01-04 00:00:00+00:00,6.511833
2022-01-05 00:00:00+00:00,5.468084
2022-01-06 00:00:00+00:00,4.1243334
2022-01-07 00:00:00+00:00,4.3785005
2022-01-08 00:00:00+00:00,4.1618333
2022-01-09 00:00:00+00:00,5.463917
2022-01-10 00:00:00+00:00,3.6743336
2022-01-11 00:00:00+00:00,3.2451668
2022-01-12 00:00:00+00:00,5.0139174
2022-01-13 00:00:00+00:00,5.8597503
2022-01-14 00:00:00+00:00,5.374333
2022-01-15 00:00:00+00:00,3.7097495
2022-01-16 00:00:00+00:00,6.0160003
2022-01-17 00:00:00+00:00,6.499333
2022-01-18 00:00:00+00:00,4.799334
2022-01-19 00:00:00+00:00,4.7180834
2022-01-20 00:00:00+00:00,4.526417
2022-01-21 00:00:00+00:00,5.374333
2022-01-22 00:00:00+00:00,6.2555842
2022-01-23 00:00:00+00:00,6.3805833
2022-01-24 00:00:00+00:00,3.4660006
2022-01-25 00:00:00+00:00,3.2451665
2022-01-26 00:00:00+00:00,5.441
2022-01-27 00:00:00+00:00,7.268084
2022-01-28 00:00:00+00:00,6.3097496
2022-01-29 00:00:00+00:00,9.116
2022-01-30 00:00:00+00:00,5.936834
2022-01-31 00:00:00+00:00,5.4659996
2022-02-01 00:00:00+00:00,7.291
2022-02-02 00:00:00+00:00,8.045167
2022-02-03 00:00:00+00:00,7.9909997
2022-02-04 00:00:00+00:00,6.924333
2022-02-05 00:00:00+00:00,6.393084
2022-02-06 00:00:00+00:00,7.4034996
2022-02-07 00:00:00+00:00,5.805584
2022-02-08 00:00:00+00:00,9.2035
2022-02-09 00:00:00+00:00,8.85975
2022-02-10 00:00:00+00:00,6.6493344
2022-02-11 00:00:00+00:00,4.7493334
2022-02-12 00:00:00+00:00,3.526417
2022-02-13 00:00:00+00:00,5.6305833
2022-02-14 00:00:00+00:00,8.880584
2022-02-15 00:00:00+00:00,7.351417
2022-02-16 00:00:00+00:00,10.343083
2022-02-17 00:00:00+00:00,8.418083
2022-02-18 00:00:00+00:00,7.9785
2022-02-19 00:00:00+00:00,5.686834
2022-02-20 00:00:00+00:00,7.8368335
2022-02-21 00:00:00+00:00,5.8180842
2022-02-22 00:00:00+00:00,7.0993342
2022-02-23 00:00:00+00:00,7.8910007
2022-02-24 00:00:00+00:00,6.4826665
2022-02-25 00:00:00+00:00,5.174334
2022-02-26 00:00:00+00:00,4.438917
2022-02-27 00:00:00+00:00,4.4889174
2022-02-28 00:00:00+00:00,4.6701674
2022-03-01 00:00:00+00:00,5.0659995
2022-03-02 00:00:00+00:00,6.0847497
2022-03-03 00:00:00+00:00,5.301417
2022-03-04 00:00:00+00:00,4.45975
2022-03-05 00:00:00+00:00,2.6826668
2022-03-06 00:00:00+00:00,2.9285004
2022-03-07 00:00:00+00:00,2.9639165
2022-03-08 00:00:00+00:00,4.4701667
2022-03-09 00:00:00+00:00,6.2951665
2022-03-10 00:00:00+00:00,8.536834
2022-03-11 00:00:00+00:00,9.553501
2022-03-12 00:00:00+00:00,10.628501
2022-03-13 00:00:00+00:00,11.766002
2022-03-14 00:00:00+00:00,9.532667
2022-03-15 00:00:00+00:00,9.1035
2022-03-16 00:00:00+00:00,9.797252
2022-03-17 00:00:00+00:00,8.4285
2022-03-18 00:00:00+00:00,8.980582
2022-03-19 00:00:00+00:00,8.151417
2022-03-20 00:00:00+00:00,5.37225
2022-03-21 00:00:00+00:00,8.109751
2022-03-22 00:00:00+00:00,12.472249
2022-03-23 00:00:00+00:00,12.176415
2022-03-24 00:00:00+00:00,11.076419
2022-03-25 00:00:00+00:00,9.430583
2022-03-26 00:00:00+00:00,10.082667
2022-03-27 00:00:00+00:00,8.957667
2022-03-28 00:00:00+00:00,8.040999
2022-03-29 00:00:00+00:00,7.6180844
2022-03-30 00:00:00+00:00,5.2034993
2022-03-31 00:00:00+00:00,2.0410001
2022-04-01 00:00:00+00:00,2.3410003
2022-04-02 00:00:00+00:00,3.563917
2022-04-03 00:00:00+00:00,4.0618334
2022-04-04 00:00:00+00:00,7.3076663
2022-04-05 00:00:00+00:00,9.382668
2022-04-06 00:00:00+00:00,9.5535
2022-04-07 00:00:00+00:00,7.970167
2022-04-08 00:00:00+00:00,6.174333
2022-04-09 00:00:00+00:00,5.75975
2022-04-10 00:00:00+00:00,6.374333
2022-04-11 00:00:00+00:00,9.403501
2022-04-12 00:00:00+00:00,13.416
2022-04-13 00:00:00+00:00,13.332665
2022-04-14 00:00:00+00:00,11.928498
2022-04-15 00:00:00+00:00,9.261834
2022-04-16 00:00:00+00:00,10.699333
2022-04-17 00:00:00+00:00,11.166
2022-04-18 00:00:00+00:00,12.774333
2022-04-19 00:00:00+00:00,12.495167
2022-04-20 00:00:00+00:00,11.399334
2022-04-21 00:00:00+00:00,11.991001
2022-04-22 00:00:00+00:00,12.761834
2022-04-23 00:00:00+00:00,12.415999
2022-04-24 00:00:00+00:00,10.970166
2022-04-25 00:00:00+00:00,8.145167
2022-04-26 00:00:00+00:00,9.141002
2022-04-27 00:00:00+00:00,8.757668
2022-04-28 00:00:00+00:00,8.878501
2022-04-29 00:00:00+00:00,8.657666
2022-04-30 00:00:00+00:00,8.320167
2022-05-01 00:00:00+00:00,9.174333
2022-05-02 00:00:00+00:00,10.557668
2022-05-03 00:00:00+00:00,9.120166
2022-05-04 00:00:00+00:00,9.545168
2022-05-05 00:00:00+00:00,12.491
2022-05-06 00:00:00+00:00,13.9785
2022-05-07 00:00:00+00:00,13.207667
2022-05-08 00:00:00+00:00,10.570167
2022-05-09 00:00:00+00:00,14.232666
2022-05-10 00:00:00+00:00,16.320168
2022-05-11 00:00:00+00:00,15.070168
2022-05-12 00:00:00+00:00,13.407666
2022-05-13 00:00:00+00:00,13.782666
2022-05-14 00:00:00+00:00,14.653501
2022-05-15 00:00:00+00:00,16.782665
2022-05-16 00:00:00+00:00,17.057665
2022-05-17 00:00:00+00:00,17.599333
2022-05-18 00:00:00+00:00,18.165998
2022-05-19 00:00:00+00:00,16.661833
2022-05-20 00:00:00+00:00,13.345166
2022-05-21 00:00:00+00:00,13.5826645
2022-05-22 00:00:00+00:00,15.549332
2022-05-23 00:00:00+00:00,15.111832
2022-05-24 00:00:00+00:00,13.086833
2022-05-25 00:00:00+00:00,13.570165
2022-05-26 00:00:00+00:00,15.103503
2022-05-27 00:00:00+00:00,13.478501
2022-05-28 00:00:00+00:00,11.849332
2022-05-29 00:00:00+00:00,9.920167
2022-05-30 00:00:00+00:00,10.520168
2022-05-31 00:00:00+00:00,12.366
2022-06-01 00:00:00+00:00,12.253501
2022-06-02 00:00:00+00:00,13.511832
2022-06-03 00:00:00+00:00,16.007666
2022-06-04 00:00:00+00:00,15.853503
2022-06-05 00:00:00+00:00,16.082666
2022-06-06 00:00:00+00:00,13.336834
2022-06-07 00:00:00+00:00,14.395165
2022-06-08 00:00:00+00:00,14.407666
2022-06-09 00:00:00+00:00,15.374332
2022-06-10 00:00:00+00:00,16.53058
2022-06-11 00:00:00+00:00,17.149332
2022-06-12 00:00:00+00:00,16.020166
2022-06-13 00:00:00+00:00,14.311832
2022-06-14 00:00:00+00:00,15.447249
2022-06-15 00:00:00+00:00,16.911833
2022-06-16 00:00:00+00:00,18.157665
2022-06-17 00:00:00+00:00,22.432669
2022-06-18 00:00:00+00:00,19.424334
2022-06-19 00:00:00+00:00,14.349332
2022-06-20 00:00:00+00:00,14.774331
2022-06-21 00:00:00+00:00,15.761833
2022-06-22 00:00:00+00:00,17.430582
2022-06-23 00:00:00+00:00,22.532667
2022-06-24 00:00:00+00:00,19.116
2022-06-25 00:00:00+00:00,17.7535
2022-06-26 00:00:00+00:00,18.011831
2022-06-27 00:00:00+00:00,16.520166
2022-06-28 00:00:00+00:00,17.590998
2022-06-29 00:00:00+00:00,20.295166
2022-06-30 00:00:00+00:00,18.049334
2022-07-01 00:00:00+00:00,16.407667
2022-07-02 00:00:00+00:00,18.124334
2022-07-03 00:00:00+00:00,17.824333
2022-07-04 00:00:00+00:00,17.024332
2022-07-05 00:00:00+00:00,15.720164
2022-07-06 00:00:00+00:00,16.528498
2022-07-07 00:00:00+00:00,16.507666
2022-07-08 00:00:00+00:00,17.5535
2022-07-09 00:00:00+00:00,17.374332
2022-07-10 00:00:00+00:00,16.891
2022-07-11 00:00:00+00:00,18.586832
2022-07-12 00:00:00+00:00,21.453499
2022-07-13 00:00:00+00:00,21.195168
2022-07-14 00:00:00+00:00,16.486832
2022-07-15 00:00:00+00:00,16.74933
2022-07-16 00:00:00+00:00,16.741
2022-07-17 00:00:00+00:00,18.761833
2022-07-18 00:00:00+00:00,24.140999
2022-07-19 00:00:00+00:00,29.211836
2022-07-20 00:00:00+00:00,24.286827
2022-07-21 00:00:00+00:00,17.141
2022-07-22 00:00:00+00:00,17.011833
2022-07-23 00:00:00+00:00,18.257664
2022-07-24 00:00:00+00:00,22.9285
2022-07-25 00:00:00+00:00,20.820166
2022-07-26 00:00:00+00:00,16.586832
2022-07-27 00:00:00+00:00,16.274334
2022-07-28 00:00:00+00:00,17.191
2022-07-29 00:00:00+00:00,18.407665
2022-07-30 00:00:00+00:00,18.820166
2022-07-31 00:00:00+00:00,18.465998
2022-08-01 00:00:00+00:00,18.095167
2022-08-02 00:00:00+00:00,20.588915
2022-08-03 00:00:00+00:00,22.6785
2022-08-04 00:00:00+00:00,21.699331
2022-08-05 00:00:00+00:00,16.790998
2022-08-06 00:00:00+00:00,16.182667
2022-08-07 00:00:00+00:00,16.841
2022-08-08 00:00:00+00:00,18.395166
2022-08-09 00:00:00+00:00,19.457666
2022-08-10 00:00:00+00:00,21.482666
2022-08-11 00:00:00+00:00,23.528502
2022-08-12 00:00:00+00:00,24.482664
2022-08-13 00:00:00+00:00,24.52433
2022-08-14 00:00:00+00:00,25.157667
2022-08-15 00:00:00+00:00,23.449333
2022-08-16 00:00:00+00:00,22.165998
2022-08-17 00:00:00+00:00,18.470165
2022-08-18 00:00:00+00:00,19.465998
2022-08-19 00:00:00+00:00,20.028498
2022-08-20 00:00:00+00:00,19.103498
2022-08-21 00:00:00+00:00,18.511833
2022-08-22 00:00:00+00:00,19.824333
2022-08-23 00:00:00+00:00,20.878496
2022-08-24 00:00:00+00:00,22.83683
2022-08-25 00:00:00+00:00,24.282667
2022-08-26 00:00:00+00:00,18.320168
2022-08-27 00:00:00+00:00,16.6285
2022-08-28 00:00:00+00:00,17.511833
2022-08-29 00:00:00+00:00,17.48683
2022-08-30 00:00:00+00:00,18.274332
2022-08-31 00:00:00+00:00,18.757666
2022-09-01 00:00:00+00:00,19.136831
2022-09-02 00:00:00+00:00,19.095167
2022-09-03 00:00:00+00:00,20.540997
2022-09-04 00:00:00+00:00,20.765999
2022-09-05 00:00:00+00:00,22.749334
2022-09-06 00:00:00+00:00,21.81183
2022-09-07 00:00:00+00:00,19.090998
2022-09-08 00:00:00+00:00,16.832666
2022-09-09 00:00:00+00:00,15.2785
2022-09-10 00:00:00+00:00,16.145164
2022-09-11 00:00:00+00:00,17.295168
2022-09-12 00:00:00+00:00,18.8035
2022-09-13 00:00:00+00:00,18.036833
2022-09-14 00:00:00+00:00,16.361832
2022-09-15 00:00:00+00:00,15.057667
2022-09-16 00:00:00+00:00,13.203502
2022-09-17 00:00:00+00:00,13.216
2022-09-18 00:00:00+00:00,12.0535
2022-09-19 00:00:00+00:00,13.182666
2022-09-20 00:00:00+00:00,13.024333
2022-09-21 00:00:00+00:00,13.582665
2022-09-22 00:00:00+00:00,13.482666
2022-09-23 00:00:00+00:00,14.6535
2022-09-24 00:00:00+00:00,13.832667
2022-09-25 00:00:00+00:00,13.045166
2022-09-26 00:00:00+00:00,11.936833
2022-09-27 00:00:00+00:00,9.970166
2022-09-28 00:00:00+00:00,10.5035
2022-09-29 00:00:00+00:00,10.5285
2022-09-30 00:00:00+00:00,12.474332
2022-10-01 00:00:00+00:00,13.699336
2022-10-02 00:00:00+00:00,13.605582
2022-10-03 00:00:00+00:00,13.241
2022-10-04 00:00:00+00:00,14.428498
2022-10-05 00:00:00+00:00,15.393085
2022-10-06 00:00:00+00:00,13.863917
2022-10-07 00:00:00+00:00,13.843083
2022-10-08 00:00:00+00:00,12.288917
2022-10-09 00:00:00+00:00,11.136833
2022-10-10 00:00:00+00:00,11.222252
2022-10-11 00:00:00+00:00,11.028501
2022-10-12 00:00:00+00:00,10.938916
2022-10-13 00:00:00+00:00,11.468083
2022-10-14 00:00:00+00:00,11.957667
2022-10-15 00:00:00+00:00,13.540999
2022-10-16 00:00:00+00:00,14.263919
2022-10-17 00:00:00+00:00,15.074333
2022-10-18 00:00:00+00:00,13.14725
2022-10-19 00:00:00+00:00,10.928501
2022-10-20 00:00:00+00:00,12.068082
2022-10-21 00:00:00+00:00,14.365997
2022-10-22 00:00:00+00:00,14.33475
2022-10-23 00:00:00+00:00,14.766
2022-10-24 00:00:00+00:00,14.518085
2022-10-25 00:00:00+00:00,13.441002
2022-10-26 00:00:00+00:00,14.984748
2022-10-27 00:00:00+00:00,15.809749
2022-10-28 00:00:00+00:00,16.418083
2022-10-29 00:00:00+00:00,15.961833
2022-10-30 00:00:00+00:00,15.782666
2022-10-31 00:00:00+00:00,13.797252
2022-11-01 00:00:00+00:00,14.330585
2022-11-02 00:00:00+00:00,12.653501
2022-11-03 00:00:00+00:00,12.882667
2022-11-04 00:00:00+00:00,9.85975
2022-11-05 00:00:00+00:00,9.680585
2022-11-06 00:00:00+00:00,10.324333
2022-11-07 00:00:00+00:00,12.263917
2022-11-08 00:00:00+00:00,12.938919
2022-11-09 00:00:00+00:00,12.230583
2022-11-10 00:00:00+00:00,12.436832
2022-11-11 00:00:00+00:00,11.074334
2022-11-12 00:00:00+00:00,9.8201685
2022-11-13 00:00:00+00:00,10.007459
2022-11-14 00:00:00+00:00,6.0625825
2022-11-15 00:00:00+00:00,10.272999
2022-11-16 00:00:00+00:00,10.247999
2022-11-17 00:00:00+00:00,10.043834
2022-11-18 00:00:00+00:00,7.7021675
2022-11-19 00:00:00+00:00,1.3855001
2022-11-20 00:00:00+00:00,0.56049997
2022-11-21 00:00:00+00:00,4.6250834
2022-11-22 00:00:00+00:00,6.41675
2022-11-23 00:00:00+00:00,8.00425
2022-11-24 00:00:00+00:00,8.748
2022-11-25 00:00:00+00:00,8.91675
2022-11-26 00:00:00+00:00,7.064667
2022-11-27 00:00:00+00:00,6.687584
2022-11-28 00:00:00+00:00,8.358418
2022-11-29 00:00:00+00:00,7.089667
2022-11-30 00:00:00+00:00,6.256333
2022-12-01 00:00:00+00:00,4.100083
2022-12-02 00:00:00+00:00,3.2542503
2022-12-03 00:00:00+00:00,1.8250836
2022-12-04 00:00:00+00:00,1.2417501
2022-12-05 00:00:00+00:00,5.231333
2022-12-06 00:00:00+00:00,4.9417496
2022-12-07 00:00:00+00:00,4.3146663
2022-12-08 00:00:00+00:00,2.97925
2022-12-09 00:00:00+00:00,-0.39783335
2022-12-10 00:00:00+00:00,-0.008249988
2022-12-11 00:00:00+00:00,1.3188334
2022-12-12 00:00:00+00:00,-1.002
2022-12-13 00:00:00+00:00,-2.677
2022-12-14 00:00:00+00:00,-2.4957502
2022-12-15 00:00:00+00:00,-0.69575
2022-12-16 00:00:00+00:00,-0.37283334
2022-12-17 00:00:00+00:00,-2.0353334
2022-12-18 00:00:00+00:00,-2.7311668
2022-12-19 00:00:00+00:00,6.848
2022-12-20 00:00:00+00:00,9.7105
2022-12-21 00:00:00+00:00,7.0855002
2022-12-22 00:00:00+00:00,7.9917502
2022-12-23 00:00:00+00:00,8.566749
2022-12-24 00:00:00+00:00,8.9625845
2022-12-25 00:00:00+00:00,8.693834
2022-12-26 00:00:00+00:00,7.170916
2022-12-27 00:00:00+00:00,6.068833
2022-12-28 00:00:00+00:00,8.84175
2022-12-29 00:00:00+00:00,9.0105
2022-12-30 00:00:00+00:00,8.000083
2022-12-31 00:00:00+00:00,12.998
2023-01-01 00:00:00+00:00,11.789666
2023-01-02 00:00:00+00:00,8.462584
2023-01-03 00:00:00+00:00,5.6959167
2023-01-04 00:00:00+00:00,11.025083
2023-01-05 00:00:00+00:00,10.29175
2023-01-06 00:00:00+00:00,9.777165
2023-01-07 00:00:00+00:00,10.247998
2023-01-08 00:00:00+00:00,8.0605
2023-01-09 00:00:00+00:00,6.933416
2023-01-10 00:00:00+00:00,6.9605002
2023-01-11 00:00:00+00:00,9.614667
2023-01-12 00:00:00+00:00,10.285499
2023-01-13 00:00:00+00:00,8.573001
2023-01-14 00:00:00+00:00,8.033416
2023-01-15 00:00:00+00:00,6.2792497
2023-01-16 00:00:00+00:00,4.0084167
2023-01-17 00:00:00+00:00,1.8292499
2023-01-18 00:00:00+00:00,2.0229998
2023-01-19 00:00:00+00:00,3.4605005
2023-01-20 00:00:00+00:00,0.8000832
2023-01-21 00:00:00+00:00,0.29174998
2023-01-22 00:00:00+00:00,1.3646666
2023-01-23 00:00:00+00:00,3.0417497
2023-01-24 00:00:00+00:00,2.2105002
2023-01-25 00:00:00+00:00,0.18966667
2023-01-26 00:00:00+00:00,4.2771664
2023-01-27 00:00:00+00:00,3.9396665
2023-01-28 00:00:00+00:00,3.0146668
2023-01-29 00:00:00+00:00,4.4480004
2023-01-30 00:00:00+00:00,6.8980002
2023-01-31 00:00:00+00:00,6.7146664
2023-02-01 00:00:00+00:00,7.323
2023-02-02 00:00:00+00:00,8.164666
2023-02-03 00:00:00+00:00,8.714667
2023-02-04 00:00:00+00:00,7.2938333
2023-02-05 00:00:00+00:00,6.418833
2023-02-06 00:00:00+00:00,3.8063328
2023-02-07 00:00:00+00:00,0.65216666
2023-02-08 00:00:00+00:00,0.5479998
2023-02-09 00:00:00+00:00,2.3563335
2023-02-10 00:00:00+00:00,4.4104996
2023-02-11 00:00:00+00:00,7.1500835
2023-02-12 00:00:00+00:00,6.2730002
2023-02-13 00:00:00+00:00,6.941751
2023-02-14 00:00:00+00:00,4.2625833
2023-02-15 00:00:00+00:00,4.775083
2023-02-16 00:00:00+00:00,7.935501
2023-02-17 00:00:00+00:00,9.656331
2023-02-18 00:00:00+00:00,10.033417
2023-02-19 00:00:00+00:00,7.641751
2023-02-20 00:00:00+00:00,8.17925
2023-02-21 00:00:00+00:00,8.435501
2023-02-22 00:00:00+00:00,6.9292507
2023-02-23 00:00:00+00:00,6.3667507
2023-02-24 00:00:00+00:00,4.7188334
2023-02-25 00:00:00+00:00,4.043833
2023-02-26 00:00:00+00:00,2.6271665
2023-02-27 00:00:00+00:00,2.8354998
2023-02-28 00:00:00+00:00,2.7521667
2023-03-01 00:00:00+00:00,2.2125833
2023-03-02 00:00:00+00:00,3.3250835
2023-03-03 00:00:00+00:00,4.277167
2023-03-04 00:00:00+00:00,5.895916
2023-03-05 00:00:00+00:00,4.09175
2023-03-06 00:00:00+00:00,3.748
2023-03-07 00:00:00+00:00,3.0542498
2023-03-08 00:00:00+00:00,1.1979998
2023-03-09 00:00:00+00:00,1.6334163
2023-03-10 00:00:00+00:00,1.3167498
2023-03-11 00:00:00+00:00,2.673
2023-03-12 00:00:00+00:00,6.12925
2023-03-13 00:00:00+00:00,11.887582
2023-03-14 00:00:00+00:00,6.7667503
2023-03-15 00:00:00+00:00,4.812583
2023-03-16 00:00:00+00:00,8.168832
2023-03-17 00:00:00+00:00,11.316749
2023-03-18 00:00:00+00:00,11.850083
2023-03-19 00:00:00+00:00,9.298
2023-03-20 00:00:00+00:00,7.862583
2023-03-21 00:00:00+00:00,10.108417
2023-03-22 00:00:00+00:00,10.073001
2023-03-23 00:00:00+00:00,12.125084
2023-03-24 00:00:00+00:00,10.797999
2023-03-25 00:00:00+00:00,9.068833
2023-03-26 00:00:00+00:00,6.6792507
2023-03-27 00:00:00+00:00,4.6896667
2023-03-28 00:00:00+00:00,4.4500833
2023-03-29 00:00:00+00:00,9.827167
2023-03-30 00:00:00+00:00,11.948001
2023-03-31 00:00:00+00:00,10.300083
2023-04-01 00:00:00+00:00,9.262584
2023-04-02 00:00:00+00:00,5.94175
2023-04-03 00:00:00+00:00,5.41675
2023-04-04 00:00:00+00:00,4.937583
2023-04-05 00:00:00+00:00,6.137583
2023-04-06 00:00:00+00:00,6.6209164
2023-04-07 00:00:00+00:00,8.41675
2023-04-08 00:00:00+00:00,8.24175
2023-04-09 00:00:00+00:00,10.773002
2023-04-10 00:00:00+00:00,10.40425
2023-04-11 00:00:00+00:00,9.800083
2023-04-12 00:00:00+00:00,9.302167
2023-04-13 00:00:00+00:00,8.414666
2023-04-14 00:00:00+00:00,9.191749
2023-04-15 00:00:00+00:00,8.966752
2023-04-16 00:00:00+00:00,8.737583
2023-04-17 00:00:00+00:00,9.402167
2023-04-18 00:00:00+00:00,9.473001
2023-04-19 00:00:00+00:00,10.281333
2023-04-20 00:00:00+00:00,8.65425
2023-04-21 00:00:00+00:00,10.973
2023-04-22 00:00:00+00:00,9.156333
2023-04-23 00:00:00+00:00,11.19175
2023-04-24 00:00:00+00:00,8.823001
2023-04-25 00:00:00+00:00,6.7146683
2023-04-26 00:00:00+00:00,5.9563336
2023-04-27 00:00:00+00:00,7.414667
2023-04-28 00:00:00+00:00,9.94175
2023-04-29 00:00:00+00:00,11.045918
2023-04-30 00:00:00+00:00,11.398
2023-05-01 00:00:00+00:00,11.458417
2023-05-02 00:00:00+00:00,9.073001
2023-05-03 00:00:00+00:00,9.158416
2023-05-04 00:00:00+00:00,13.616752
2023-05-05 00:00:00+00:00,14.189667
2023-05-06 00:00:00+00:00,14.958417
2023-05-07 00:00:00+00:00,15.723
2023-05-08 00:00:00+00:00,14.689667
2023-05-09 00:00:00+00:00,13.320916
2023-05-10 00:00:00+00:00,12.598
2023-05-11 00:00:00+00:00,13.093833
2023-05-12 00:00:00+00:00,15.456333
2023-05-13 00:00:00+00:00,15.514667
2023-05-14 00:00:00+00:00,13.645917
2023-05-15 00:00:00+00:00,10.637582
2023-05-16 00:00:00+00:00,10.370915
2023-05-17 00:00:00+00:00,10.34175
2023-05-18 00:00:00+00:00,10.21675
2023-05-19 00:00:00+00:00,13.177165
2023-05-20 00:00:00+00:00,14.964665
2023-05-21 00:00:00+00:00,15.693833
2023-05-22 00:00:00+00:00,16.864664
2023-05-23 00:00:00+00:00,12.489666
2023-05-24 00:00:00+00:00,11.902165
2023-05-25 00:00:00+00:00,12.293832
2023-05-26 00:00:00+00:00,12.443832
2023-05-27 00:00:00+00:00,13.487584
2023-05-28 00:00:00+00:00,14.804249
2023-05-29 00:00:00+00:00,12.308414
2023-05-30 00:00:00+00:00,12.456334
2023-05-31 00:00:00+00:00,14.48758
2023-06-01 00:00:00+00:00,12.0855
2023-06-02 00:00:00+00:00,13.39175
2023-06-03 00:00:00+00:00,15.960499
2023-06-04 00:00:00+00:00,14.981332
2023-06-05 00:00:00+00:00,14.087583
2023-06-06 00:00:00+00:00,14.316749
2023-06-07 00:00:00+00:00,14.662582
2023-06-08 00:00:00+00:00,16.254248
2023-06-09 00:00:00+00:00,19.914667
2023-06-10 00:00:00+00:00,21.839666
2023-06-11 00:00:00+00:00,24.077166
2023-06-12 00:00:00+00:00,23.48133
2023-06-13 00:00:00+00:00,21.791746
2023-06-14 00:00:00+00:00,20.583418
2023-06-15 00:00:00+00:00,20.566748
2023-06-16 00:00:00+00:00,19.945913
2023-06-17 00:00:00+00:00,20.133413
2023-06-18 00:00:00+00:00,21.816751
2023-06-19 00:00:00+00:00,20.689667
2023-06-20 00:00:00+00:00,22.091751
2023-06-21 00:00:00+00:00,20.102167
2023-06-22 00:00:00+00:00,19.17925
2023-06-23 00:00:00+00:00,20.368832
2023-06-24 00:00:00+00:00,21.41675
2023-06-25 00:00:00+00:00,24.520912
2023-06-26 00:00:00+00:00,19.331335
2023-06-27 00:00:00+00:00,17.587582
2023-06-28 00:00:00+00:00,18.375082
2023-06-29 00:00:00+00:00,17.927168
2023-06-30 00:00:00+00:00,16.993834
2023-07-01 00:00:00+00:00,17.348
2023-07-02 00:00:00+00:00,16.943832
2023-07-03 00:00:00+00:00,16.712584
2023-07-04 00:00:00+00:00,16.631334
2023-07-05 00:00:00+00:00,14.762584
2023-07-06 00:00:00+00:00,17.264666
2023-07-07 00:00:00+00:00,20.831335
2023-07-08 00:00:00+00:00,24.147997
2023-07-09 00:00:00+00:00,21.72508
2023-07-10 00:00:00+00:00,20.36675
2023-07-11 00:00:00+00:00,21.09383
2023-07-12 00:00:00+00:00,18.60842
2023-07-13 00:00:00+00:00,18.266748
2023-07-14 00:00:00+00:00,18.5355
2023-07-15 00:00:00+00:00,20.337584
2023-07-16 00:00:00+00:00,18.512583
2023-07-17 00:00:00+00:00,17.558414
2023-07-18 00:00:00+00:00,18.123
2023-07-19 00:00:00+00:00,17.733416
2023-07-20 00:00:00+00:00,17.081331
2023-07-21 00:00:00+00:00,16.285501
2023-07-22 00:00:00+00:00,15.704247
2023-07-23 00:00:00+00:00,17.668833
2023-07-24 00:00:00+00:00,17.058414
2023-07-25 00:00:00+00:00,15.262584
2023-07-26 00:00:00+00:00,15.614667
2023-07-27 00:00:00+00:00,16.793833
2023-07-28 00:00:00+00:00,19.42925
2023-07-29 00:00:00+00:00,18.545918
2023-07-30 00:00:00+00:00,17.783419
2023-07-31 00:00:00+00:00,17.518833
2023-08-01 00:00:00+00:00,17.160501
2023-08-02 00:00:00+00:00,16.975082
2023-08-03 00:00:00+00:00,17.15008
2023-08-04 00:00:00+00:00,16.82508
2023-08-05 00:00:00+00:00,15.0146675
2023-08-06 00:00:00+00:00,15.181333
2023-08-07 00:00:00+00:00,15.723
2023-08-08 00:00:00+00:00,15.887584
2023-08-09 00:00:00+00:00,15.927166
2023-08-10 00:00:00+00:00,17.643835
2023-08-11 00:00:00+00:00,20.304249
2023-08-12 00:00:00+00:00,19.358416
2023-08-13 00:00:00+00:00,18.570917
2023-08-14 00:00:00+00:00,20.208414
2023-08-15 00:00:00+00:00,19.085499
2023-08-16 00:00:00+00:00,18.356333
2023-08-17 00:00:00+00:00,18.333416
2023-08-18 00:00:00+00:00,20.393831
2023-08-19 00:00:00+00:00,21.475082
2023-08-20 00:00:00+00:00,19.71675
2023-08-21 00:00:00+00:00,19.256332
2023-08-22 00:00:00+00:00,18.764666
2023-08-23 00:00:00+00:00,18.733416
2023-08-24 00:00:00+00:00,19.90425
2023-08-25 00:00:00+00:00,19.287584
2023-08-26 00:00:00+00:00,16.09175
2023-08-27 00:00:00+00:00,14.879249
2023-08-28 00:00:00+00:00,16.156332
2023-08-29 00:00:00+00:00,15.564667
2023-08-30 00:00:00+00:00,14.297999
2023-08-31 00:00:00+00:00,15.679252
2023-09-01 00:00:00+00:00,16.025082
2023-09-02 00:00:00+00:00,17.316748
2023-09-03 00:00:00+00:00,16.858418
2023-09-04 00:00:00+00:00,18.50425
2023-09-05 00:00:00+00:00,21.962584
2023-09-06 00:00:00+00:00,22.50425
2023-09-07 00:00:00+00:00,22.095915
2023-09-08 00:00:00+00:00,21.914663
2023-09-09 00:00:00+00:00,21.862581
2023-09-10 00:00:00+00:00,24.433416
2023-09-11 00:00:00+00:00,21.35425
2023-09-12 00:00:00+00:00,19.275082
2023-09-13 00:00:00+00:00,16.92925
2023-09-14 00:00:00+00:00,15.047997
2023-09-15 00:00:00+00:00,15.970916
2023-09-16 00:00:00+00:00,18.466751
2023-09-17 00:00:00+00:00,17.2105
2023-09-18 00:00:00+00:00,18.658417
2023-09-19 00:00:00+00:00,16.073
2023-09-20 00:00:00+00:00,18.16258
2023-09-21 00:00:00+00:00,15.737583
2023-09-22 00:00:00+00:00,13.604251
2023-09-23 00:00:00+00:00,13.695916
2023-09-24 00:00:00+00:00,14.079249
2023-09-25 00:00:00+00:00,15.777167
2023-09-26 00:00:00+00:00,16.9105
2023-09-27 00:00:00+00:00,17.735498
2023-09-28 00:00:00+00:00,17.489664
2023-09-29 00:00:00+00:00,16.497997
2023-09-30 00:00:00+00:00,14.74175
2023-10-01 00:00:00+00:00,18.020916
2023-10-02 00:00:00+00:00,18.348001
2023-10-03 00:00:00+00:00,16.531332
2023-10-04 00:00:00+00:00,14.89383
2023-10-05 00:00:00+00:00,15.627163
2023-10-06 00:00:00+00:00,16.106333
2023-10-07 00:00:00+00:00,18.200083
2023-10-08 00:00:00+00:00,15.320916
2023-10-09 00:00:00+00:00,17.523
2023-10-10 00:00:00+00:00,17.1605
2023-10-11 00:00:00+00:00,17.831335
2023-10-12 00:00:00+00:00,14.59175
2023-10-13 00:00:00+00:00,17.645916
2023-10-14 00:00:00+00:00,11.987584
2023-10-15 00:00:00+00:00,8.868834
2023-10-16 00:00:00+00:00,9.356334
2023-10-17 00:00:00+00:00,9.039666
2023-10-18 00:00:00+00:00,9.412583
2023-10-19 00:00:00+00:00,14.2438345
2023-10-20 00:00:00+00:00,10.4855
2023-10-21 00:00:00+00:00,13.000081
2023-10-22 00:00:00+00:00,11.65425
2023-10-23 00:00:00+00:00,9.498
2023-10-24 00:00:00+00:00,11.110499
2023-10-25 00:00:00+00:00,9.735499
2023-10-26 00:00:00+00:00,9.162582
2023-10-27 00:00:00+00:00,10.3271675
2023-10-28 00:00:00+00:00,11.0250845
2023-10-29 00:00:00+00:00,12.589665
2023-10-30 00:00:00+00:00,10.90425
2023-10-31 00:00:00+00:00,10.8355
2023-11-01 00:00:00+00:00,12.033416
2023-11-02 00:00:00+00:00,10.381334
2023-11-03 00:00:00+00:00,9.700084
2023-11-04 00:00:00+00:00,9.020917
2023-11-05 00:00:00+00:00,10.187584
2023-11-06 00:00:00+00:00,9.7334175
2023-11-07 00:00:00+00:00,9.460499
2023-11-08 00:00:00+00:00,9.281335
2023-11-09 00:00:00+00:00,9.258416
2023-11-10 00:00:00+00:00,7.350083
2023-11-11 00:00:00+00:00,7.8105016
2023-11-12 00:00:00+00:00,5.448
2023-11-13 00:00:00+00:00,9.445916
2023-11-14 00:00:00+00:00,11.822999
2023-11-15 00:00:00+00:00,11.0146675
2023-11-16 00:00:00+00:00,7.4646683
2023-11-17 00:00:00+00:00,5.2854996
2023-11-18 00:00:00+00:00,7.798
2023-11-19 00:00:00+00:00,12.487584
2023-11-20 00:00:00+00:00,10.527166
2023-11-21 00:00:00+00:00,8.358417
2023-11-22 00:00:00+00:00,5.4354997
2023-11-23 00:00:00+00:00,11.870915
2023-11-24 00:00:00+00:00,7.1334157
2023-11-25 00:00:00+00:00,6.4563336
2023-11-26 00:00:00+00:00,5.020916
2023-11-27 00:00:00+00:00,4.412583
2023-11-28 00:00:00+00:00,2.9334166
2023-11-29 00:00:00+00:00,2.6000836
2023-11-30 00:00:00+00:00,0.6438332
2023-12-01 00:00:00+00:00,-0.3895
2023-12-02 00:00:00+00:00,-0.65408355
2023-12-03 00:00:00+00:00,0.5375833
2023-12-04 00:00:00+00:00,1.6855
2023-12-05 00:00:00+00:00,1.7375833
2023-12-06 00:00:00+00:00,3.148
2023-12-07 00:00:00+00:00,0.16466665
2023-12-08 00:00:00+00:00,4.893833
2023-12-09 00:00:00+00:00,7.7604995
2023-12-10 00:00:00+00:00,9.518833
2023-12-11 00:00:00+00:00,9.139667
2023-12-12 00:00:00+00:00,7.4438324
2023-12-13 00:00:00+00:00,7.4563336
2023-12-14 00:00:00+00:00,5.19175
2023-12-15 00:00:00+00:00,7.4459176
2023-12-16 00:00:00+00:00,8.948001
2023-12-17 00:00:00+00:00,8.612582
2023-12-18 00:00:00+00:00,8.158417
2023-12-19 00:00:00+00:00,8.570916
2023-12-20 00:00:00+00:00,8.464665
2023-12-21 00:00:00+00:00,9.727166
2023-12-22 00:00:00+00:00,8.593834
2023-12-23 00:00:00+00:00,9.660501
2023-12-24 00:00:00+00:00,11.110499
2023-12-25 00:00:00+00:00,11.037583
2023-12-26 00:00:00+00:00,7.9896665
2023-12-27 00:00:00+00:00,6.218834
2023-12-28 00:00:00+00:00,9.275084
2023-12-29 00:00:00+00:00,8.915563
2023-12-30 00:00:00+00:00,8.166999
2023-12-31 00:00:00+00:00,8.94825
2024-01-01 00:00:00+00:00,7.564668
2024-01-02 00:00:00+00:00,10.089665
2024-01-03 00:00:00+00:00,9.408417
2024-01-04 00:00:00+00:00,7.1125836
2024-01-05 00:00:00+00:00,6.681333
2024-01-06 00:00:00+00:00,3.2896664
2024-01-07 00:00:00+00:00,0.37925005
2024-01-08 00:00:00+00:00,-0.82908344
2024-01-09 00:00:00+00:00,-2.4499168
2024-01-10 00:00:00+00:00,-1.9103335
2024-01-11 00:00:00+00:00,-0.12699996
2024-01-12 00:00:00+00:00,3.8084166
2024-01-13 00:00:00+00:00,4.8771663
2024-01-14 00:00:00+00:00,5.036854
2024-01-15 00:00:00+00:00,2.3982499
2024-01-16 00:00:00+00:00,0.9404791
2024-01-17 00:00:00+00:00,-0.75616676
2024-01-18 00:00:00+00:00,0.073000014
2024-01-19 00:00:00+00:00,1.1209167
2024-01-20 00:00:00+00:00,0.29591665
2024-01-21 00:00:00+00:00,3.012583
2024-01-22 00:00:00+00:00,9.40425
2024-01-23 00:00:00+00:00,7.933417
2024-01-24 00:00:00+00:00,9.7855
2024-01-25 00:00:00+00:00,6.8021665
2024-01-26 00:00:00+00:00,8.187582
2024-01-27 00:00:00+00:00,4.1646667
2024-01-28 00:00:00+00:00,4.493833
2024-01-29 00:00:00+00:00,6.568834
2024-01-30 00:00:00+00:00,7.952166
2024-01-31 00:00:00+00:00,6.012583
2024-02-01 00:00:00+00:00,6.4646664
2024-02-02 00:00:00+00:00,7.6563334
2024-02-03 00:00:00+00:00,9.758334
2024-02-04 00:00:00+00:00,9.564583
2024-02-05 00:00:00+00:00,8.695834
2024-02-06 00:00:00+00:00,9.7625
2024-02-07 00:00:00+00:00,4.7104173
2024-02-08 00:00:00+00:00,2.4770834
2024-02-09 00:00:00+00:00,10.197917
2024-02-10 00:00:00+00:00,9.870833
2024-02-11 00:00:00+00:00,8.20625
2024-02-12 00:00:00+00:00,6.216667
2024-02-13 00:00:00+00:00,6.2624993
2024-02-14 00:00:00+00:00,10.527083
2024-02-15 00:00:00+00:00,12.445832
2024-02-16 00:00:00+00:00,10.572915
2024-02-17 00:00:00+00:00,9.593751
2024-02-18 00:00:00+00:00,9.254167
2024-02-19 00:00:00+00:00,8.2625
2024-02-20 00:00:00+00:00,8.38125
2024-02-21 00:00:00+00:00,8.952084
2024-02-22 00:00:00+00:00,9.766666
2024-02-23 00:00:00+00:00,5.416666
2024-02-24 00:00:00+00:00,4.4312496
2024-02-25 00:00:00+00:00,5.6562495
2024-02-26 00:00:00+00:00,4.864583
2024-02-27 00:00:00+00:00,4.6
2024-02-28 00:00:00+00:00,6.1708336
2024-02-29 00:00:00+00:00,7.8583336
2024-03-01 00:00:00+00:00,7.818749
2024-03-02 00:00:00+00:00,8.695834
2024-03-03 00:00:00+00:00,9.991666
2024-03-04 00:00:00+00:00,6.9
2024-03-05 00:00:00+00:00,6.0458336
2024-03-06 00:00:00+00:00,6.3124995
2024-03-07 00:00:00+00:00,5.2291665
2024-03-08 00:00:00+00:00,5.0791664
2024-03-09 00:00:00+00:00,7.879166
2024-03-10 00:00:00+00:00,8.895833
2024-03-11 00:00:00+00:00,6.9437504
2024-03-12 00:00:00+00:00,8.220833
2024-03-13 00:00:00+00:00,10.587501
2024-03-14 00:00:00+00:00,12.09375
2024-03-15 00:00:00+00:00,12.060416
2024-03-16 00:00:00+00:00,8.027083
2024-03-17 00:00:00+00:00,9.216667
2024-03-18 00:00:00+00:00,10.285417
2024-03-19 00:00:00+00:00,10.720834
2024-03-20 00:00:00+00:00,10.616666
2024-03-21 00:00:00+00:00,9.012501
2024-03-22 00:00:00+00:00,9.102084
2024-03-23 00:00:00+00:00,6.0208335
2024-03-24 00:00:00+00:00,6.0833335
2024-03-25 00:00:00+00:00,7.13125
2024-03-26 00:00:00+00:00,8.866666
2024-03-27 00:00:00+00:00,9.354167
2024-03-28 00:00:00+00:00,8.202084
2024-03-29 00:00:00+00:00,10.270835
2024-03-30 00:00:00+00:00,8.445833
2024-03-31 00:00:00+00:00,10.045834
2024-04-01 00:00:00+00:00,9.402083
2024-04-02 00:00:00+00:00,9.266666
2024-04-03 00:00:00+00:00,10.59375
2024-04-04 00:00:00+00:00,11.177082
2024-04-05 00:00:00+00:00,13.216667
2024-04-06 00:00:00+00:00,17.09375
2024-04-07 00:00:00+00:00,15.470834
2024-04-08 00:00:00+00:00,14.264584
2024-04-09 00:00:00+00:00,11.55
2024-04-10 00:00:00+00:00,10.745834
2024-04-11 00:00:00+00:00,13.122916
2024-04-12 00:00:00+00:00,14.758332
2024-04-13 00:00:00+00:00,15.816666
2024-04-14 00:00:00+00:00,10.716667
2024-04-15 00:00:00+00:00,8.235416
2024-04-16 00:00:00+00:00,7.679167
2024-04-17 00:00:00+00:00,6.191666
2024-04-18 00:00:00+00:00,7.15
2024-04-19 00:00:00+00:00,8.022917
2024-04-20 00:00:00+00:00,6.641667
2024-04-21 00:00:00+00:00,6.4083343
2024-04-22 00:00:00+00:00,5.960417
2024-04-23 00:00:00+00:00,5.618749
2024-04-24 00:00:00+00:00,6.1479163
2024-04-25 00:00:00+00:00,6.108333
2024-04-26 00:00:00+00:00,7.6625
2024-04-27 00:00:00+00:00,10.279166
2024-04-28 00:00:00+00:00,12.3395815
2024-04-29 00:00:00+00:00,11.920833
2024-04-30 00:00:00+00:00,15.743751
2024-05-01 00:00:00+00:00,18.308332
2024-05-02 00:00:00+00:00,17.404165
2024-05-03 00:00:00+00:00,11.585418
2024-05-04 00:00:00+00:00,11.564583
2024-05-05 00:00:00+00:00,12.445834
2024-05-06 00:00:00+00:00,14.008334
2024-05-07 00:00:00+00:00,13.3395815
2024-05-08 00:00:00+00:00,12.152083
2024-05-09 00:00:00+00:00,12.722917
2024-05-10 00:00:00+00:00,14.131252
2024-05-11 00:00:00+00:00,15.745833
2024-05-12 00:00:00+00:00,18.547916
2024-05-13 00:00:00+00:00,18.927084
2024-05-14 00:00:00+00:00,19.137503
2024-05-15 00:00:00+00:00,16.04375
2024-05-16 00:00:00+00:00,15.712501
2024-05-17 00:00:00+00:00,15.527083
2024-05-18 00:00:00+00:00,16.702084
2024-05-19 00:00:00+00:00,16.695833
2024-05-20 00:00:00+00:00,15.610416
2024-05-21 00:00:00+00:00,16.595835
2024-05-22 00:00:00+00:00,15.53125
2024-05-23 00:00:00+00:00,15.106252
2024-05-24 00:00:00+00:00,14.668751
2024-05-25 00:00:00+00:00,15.212502
2024-05-26 00:00:00+00:00,14.895832
2024-05-27 00:00:00+00:00,14.424999
2024-05-28 00:00:00+00:00,13.779166
2024-05-29 00:00:00+00:00,14.756249
2024-05-30 00:00:00+00:00,13.850001
2024-05-31 00:00:00+00:00,14.970833
2024-06-01 00:00:00+00:00,15.197921
2024-06-02 00:00:00+00:00,13.585418
2024-06-03 00:00:00+00:00,13.745833
2024-06-04 00:00:00+00:00,15.560418
2024-06-05 00:00:00+00:00,12.820834
2024-06-06 00:00:00+00:00,12.835416
2024-06-07 00:00:00+00:00,13.570834
2024-06-08 00:00:00+00:00,13.033334
2024-06-09 00:00:00+00:00,12.556249
2024-06-10 00:00:00+00:00,11.320834
2024-06-11 00:00:00+00:00,11.643748
2024-06-12 00:00:00+00:00,11.218749
2024-06-13 00:00:00+00:00,13.752082
2024-06-14 00:00:00+00:00,14.662498
2024-06-15 00:00:00+00:00,13.970836
2024-06-16 00:00:00+00:00,14.154167
2024-06-17 00:00:00+00:00,15.375
2024-06-18 00:00:00+00:00,15.514584
2024-06-19 00:00:00+00:00,15.085416
2024-06-20 00:00:00+00:00,15.381249
2024-06-21 00:00:00+00:00,15.979164
2024-06-22 00:00:00+00:00,16.208334
2024-06-23 00:00:00+00:00,17.625
2024-06-24 00:00:00+00:00,19.420835
2024-06-25 00:00:00+00:00,21.202082
2024-06-26 00:00:00+00:00,25.625834
2024-06-27 00:00:00+00:00,24.2425
2024-06-28 00:00:00+00:00,19.0675
2024-06-29 00:00:00+00:00,20.22375
2024-06-30 00:00:00+00:00,18.329998
2024-07-01 00:00:00+00:00,16.779997
2024-07-02 00:00:00+00:00,15.8341675
2024-07-03 00:00:00+00:00,14.825833
2024-07-04 00:00:00+00:00,16.782082
2024-07-05 00:00:00+00:00,15.757083
2024-07-06 00:00:00+00:00,16.096668
2024-07-07 00:00:00+00:00,15.227917
2024-07-08 00:00:00+00:00,17.21125
2024-07-09 00:00:00+00:00,21.165415
2024-07-10 00:00:00+00:00,19.313334
2024-07-11 00:00:00+00:00,18.36125
2024-07-12 00:00:00+00:00,15.240414
2024-07-13 00:00:00+00:00,15.029999
2024-07-14 00:00:00+00:00,17.350832
2024-07-15 00:00:00+00:00,20.346668
2024-07-16 00:00:00+00:00,18.540415
2024-07-17 00:00:00+00:00,18.852917
2024-07-18 00:00:00+00:00,21.32583
2024-07-19 00:00:00+00:00,24.446669
2024-07-20 00:00:00+00:00,25.767502
2024-07-21 00:00:00+00:00,21.525833
2024-07-22 00:00:00+00:00,20.011251
2024-07-23 00:00:00+00:00,19.113333
2024-07-24 00:00:00+00:00,19.421665
2024-07-25 00:00:00+00:00,18.646667
2024-07-26 00:00:00+00:00,19.552917
2024-07-27 00:00:00+00:00,19.721666
2024-07-28 00:00:00+00:00,20.363335
2024-07-29 00:00:00+00:00,22.063334
2024-07-30 00:00:00+00:00,24.498755
2024-07-31 00:00:00+00:00,22.767496
2024-08-01 00:00:00+00:00,20.596666
2024-08-02 00:00:00+00:00,21.409164
2024-08-03 00:00:00+00:00,21.257082
2024-08-04 00:00:00+00:00,18.763334
2024-08-05 00:00:00+00:00,21.125834
2024-08-06 00:00:00+00:00,23.330002
2024-08-07 00:00:00+00:00,21.386251
2024-08-08 00:00:00+00:00,21.607086
2024-08-09 00:00:00+00:00,20.109167
2024-08-10 00:00:00+00:00,19.796667
2024-08-11 00:00:00+00:00,22.288332
2024-08-12 00:00:00+00:00,25.740417
2024-08-13 00:00:00+00:00,25.323751
2024-08-14 00:00:00+00:00,22.18
2024-08-15 00:00:00+00:00,21.940416
2024-08-16 00:00:00+00:00,20.036253
2024-08-17 00:00:00+00:00,20.057081
2024-08-18 00:00:00+00:00,20.373755
2024-08-19 00:00:00+00:00,20.119581
2024-08-20 00:00:00+00:00,18.469584
2024-08-21 00:00:00+00:00,17.421667
2024-08-22 00:00:00+00:00,18.838331
2024-08-23 00:00:00+00:00,19.513332
